Seq,EP,HelT,MGW,ProT,Roll
AAAAA,-10.1,37.88,3.38,-16.51,-5.07
AAAAC,-8.97,37.04,4.05,-14.47,-4.21
AAAAG,-10.39,37.1,3.68,-14.68,-5.35
AAAAT,-10.8,37.3,3.63,-14.89,-4.34
AAACA,-8.05,35.91,4.65,-13.05,-2.94
AAACC,-9.12,36.27,4.06,-12.41,-4.2
AAACG,-8.27,36.02,4.43,-13.15,-3.1
AAACT,-9.29,36.36,3.85,-12.78,-4.89
AAAGA,-8.79,34.94,4.02,-10.71,-3.98
AAAGC,-8.76,34.69,4.03,-10.58,-4.51
AAAGG,-8.81,34.34,4.05,-9.21,-4.93
AAAGT,-11.84,35.41,3.35,-11.68,-5.57
AAATA,-8.51,35.53,3.79,-12.63,-5.17
AAATC,-8.76,34.98,4.12,-12.27,-3.9
AAATG,-9.42,35.14,3.84,-11.76,-5.61
AAATT,-13.59,36.31,2.85,-14.95,-6.79
AACAA,-6.22,35.12,4.97,-10.17,1.98
AACAC,-5.66,34.88,5.05,-9.4,0.89
AACAG,-5.75,34.89,4.95,-9.26,1.42
AACAT,-6.1,35.53,4.3,-10.22,1.26
AACCA,-6.24,35.08,4.33,-8.86,-1.94
AACCC,-6.0,35.34,4.03,-7.68,-2.78
AACCG,-5.76,34.85,4.36,-7.97,-1.89
AACCT,-6.11,35.77,3.64,-8.15,-3.5
AACGA,-5.64,34.19,4.8,-9.62,1.46
AACGC,-5.56,34.23,4.64,-9.91,0.85
AACGG,-5.66,34.3,4.62,-10.04,0.34
AACGT,-5.89,34.89,4.21,-10.39,1.1
AACTA,-6.41,33.83,4.24,-6.07,-4.07
AACTC,-6.33,34.22,3.95,-5.23,-3.69
AACTG,-5.9,33.59,4.49,-5.42,-2.56
AAGAA,-6.03,34.41,4.8,-3.46,-1.21
AAGAC,-5.94,34.48,4.65,-3.82,-2.26
AAGAG,-5.82,34.12,4.68,-3.22,-1.56
AAGAT,-6.56,35.22,3.9,-3.55,-3.62
AAGCA,-5.99,34.71,4.61,-1.47,-3.18
AAGCC,-6.1,35.12,4.17,-1.55,-4.02
AAGCG,-5.65,34.71,4.63,-1.91,-2.55
AAGCT,-6.03,35.09,4.14,-1.56,-3.79
AAGGA,-6.03,33.72,4.31,-1.33,-2.65
AAGGC,-5.64,33.45,4.51,-1.5,-2.69
AAGGG,-5.82,33.08,4.42,-0.14,-3.46
AAGGT,-6.44,34.11,3.75,-1.48,-4.04
AAGTA,-6.34,34.23,4.03,-4.26,-4.12
AAGTC,-6.55,34.3,3.74,-4.07,-4.53
AAGTG,-6.18,34.0,4.14,-4.48,-3.65
AAGTT,-6.51,34.94,3.34,-6.26,-4.41
AATAA,-7.48,33.63,5.53,-9.65,2.15
AATAC,-7.43,33.78,5.3,-10.45,0.99
AATAG,-7.51,34.72,4.65,-11.61,-1.26
AATAT,-7.65,34.21,4.8,-10.43,0.42
AATCA,-8.06,34.58,4.46,-9.91,-2.92
AATCC,-8.4,34.94,4.19,-9.67,-3.35
AATCG,-7.97,34.54,4.56,-9.51,-2.85
AATCT,-9.5,35.41,3.75,-10.31,-4.41
AATGA,-8.13,33.92,4.46,-9.02,-1.14
AATGC,-7.51,33.96,4.89,-9.59,-0.81
AATGG,-7.27,33.49,5.08,-8.98,-0.28
AATGT,-8.64,34.69,4.27,-10.82,-0.69
AATTA,-8.38,34.62,4.36,-12.2,-3.79
AATTC,-10.92,34.96,3.75,-11.18,-5.04
AATTG,-8.77,34.49,4.24,-11.93,-4.15
ACAAA,-7.86,35.59,5.21,-12.03,1.76
ACAAC,-6.99,35.23,5.58,-11.7,1.47
ACAAG,-7.49,35.24,5.19,-10.72,0.85
ACACA,-6.78,34.58,5.5,-9.33,0.16
ACACC,-7.06,34.59,5.31,-8.57,0.5
ACACG,-6.83,34.59,5.47,-9.43,1.21
ACAGA,-7.09,33.3,5.33,-7.0,0.9
ACAGC,-6.99,33.19,5.31,-7.34,1.49
ACAGG,-6.94,32.98,5.29,-6.78,1.1
ACAGT,-7.1,33.23,5.2,-8.12,1.37
ACATA,-7.31,33.84,5.14,-8.52,0.06
ACATC,-7.6,33.87,4.82,-8.65,0.12
ACATG,-7.2,33.85,4.99,-10.15,0.53
ACCAA,-5.8,34.65,5.08,-4.69,1.7
ACCAC,-5.43,34.27,5.38,-5.0,1.43
ACCAG,-5.3,34.3,5.19,-4.44,1.24
ACCCA,-5.67,34.08,4.66,-3.38,-1.71
ACCCC,-5.66,33.86,4.58,-2.37,-2.1
ACCCG,-5.59,34.03,4.7,-3.53,-1.35
ACCGA,-5.09,33.41,5.02,-4.29,1.21
ACCGC,-5.23,33.31,5.08,-4.55,1.08
ACCGG,-5.16,33.28,5.16,-5.03,1.05
ACCTA,-5.64,33.23,4.68,-1.54,-2.37
ACCTC,-6.05,33.21,4.37,-0.88,-2.91
ACCTG,-5.73,33.23,4.54,-1.68,-2.3
ACGAA,-5.3,34.86,5.21,-6.66,2.11
ACGAC,-5.43,34.72,5.34,-6.61,1.29
ACGAG,-5.41,34.81,5.13,-6.5,1.23
ACGCA,-4.74,34.77,5.27,-4.25,1.48
ACGCC,-5.1,35.0,5.08,-3.63,0.79
ACGCG,-4.86,34.55,5.2,-4.73,1.56
ACGGA,-5.19,33.8,5.06,-3.36,0.23
ACGGC,-5.1,33.67,5.08,-3.97,1.17
ACGGG,-5.36,33.49,4.92,-2.81,0.35
ACGGT,-5.47,33.88,4.73,-4.79,1.24
ACGTA,-5.15,34.32,4.84,-7.92,1.2
ACGTC,-5.56,34.44,4.7,-7.92,0.99
ACGTG,-5.15,34.27,4.85,-8.78,1.25
ACTAA,-6.95,33.01,5.73,-8.1,3.45
ACTAC,-6.99,32.96,5.62,-8.16,1.63
ACTAG,-7.36,33.61,5.13,-7.44,0.34
ACTCA,-7.4,33.72,4.89,-7.5,-2.26
ACTCC,-7.61,33.78,4.73,-6.75,-2.44
ACTCG,-7.3,33.59,4.93,-7.78,-1.47
ACTGA,-6.81,32.94,5.48,-7.1,1.42
ACTGC,-6.89,32.72,5.4,-7.79,1.12
ACTGG,-6.86,32.95,5.32,-7.24,0.62
ACTTA,-7.98,34.11,4.48,-9.96,-3.23
ACTTC,-8.32,34.0,4.31,-8.83,-3.77
ACTTG,-8.0,34.03,4.52,-10.21,-2.97
AGAAA,-8.05,36.23,4.74,-10.55,-1.65
AGAAC,-7.86,36.08,4.85,-10.59,-1.79
AGAAG,-7.97,36.13,4.5,-10.3,-2.88
AGACA,-7.28,35.42,4.99,-8.49,-2.34
AGACC,-7.44,35.42,4.73,-8.04,-2.52
AGACG,-7.44,35.42,4.83,-8.81,-2.49
AGACT,-7.39,35.45,4.57,-7.81,-2.79
AGAGA,-7.34,33.75,5.0,-6.62,-1.71
AGAGC,-7.25,33.73,5.04,-6.5,-1.94
AGAGG,-7.16,33.41,4.97,-6.38,-1.85
AGAGT,-7.36,33.71,4.86,-7.83,-1.18
AGATA,-7.46,34.5,4.72,-8.23,-2.63
AGATC,-8.19,34.75,4.36,-8.23,-3.61
AGATG,-7.78,34.36,4.66,-7.85,-3.23
AGCAA,-5.93,35.67,5.08,-3.36,0.38
AGCAC,-5.27,35.35,5.43,-3.79,0.55
AGCAG,-5.7,35.41,5.16,-3.6,0.52
AGCCA,-6.02,35.48,4.53,-2.76,-3.15
AGCCC,-5.43,35.41,4.61,-2.48,-2.46
AGCCG,-5.53,35.25,4.83,-3.04,-1.79
AGCGA,-5.16,34.63,5.19,-3.56,0.93
AGCGC,-5.21,34.42,5.18,-3.87,0.49
AGCGG,-5.0,34.53,5.15,-3.78,0.27
AGCGT,-5.17,35.01,4.86,-3.93,0.54
AGCTA,-5.53,34.34,4.88,-1.3,-2.49
AGCTC,-5.79,34.49,4.63,-0.83,-3.05
AGCTG,-5.64,34.24,4.8,-1.38,-2.52
AGGAA,-5.71,35.33,4.76,-4.88,-1.37
AGGAC,-5.48,35.26,4.81,-5.39,-1.57
AGGAG,-5.59,35.18,4.63,-4.81,-1.97
AGGCA,-5.2,35.14,4.82,-2.38,-2.24
AGGCC,-5.29,35.17,4.72,-2.2,-2.11
AGGCG,-5.21,35.33,4.77,-2.82,-2.13
AGGCT,-5.6,35.73,4.33,-2.34,-3.28
AGGGA,-5.38,33.73,4.68,-1.76,-2.06
AGGGC,-5.05,33.77,4.73,-1.88,-2.21
AGGGG,-5.38,33.7,4.62,-1.32,-2.48
AGGGT,-5.71,34.3,4.29,-2.62,-2.61
AGGTA,-5.71,34.97,4.33,-5.43,-3.65
AGGTC,-6.0,34.94,4.18,-5.67,-3.21
AGGTG,-5.6,34.78,4.42,-6.64,-2.46
AGTAA,-7.46,34.65,5.37,-7.55,0.71
AGTAC,-6.89,34.28,5.54,-8.16,1.11
AGTAG,-7.43,34.66,5.2,-8.16,0.26
AGTCA,-7.61,35.1,4.89,-8.11,-2.73
AGTCC,-7.68,35.38,4.51,-7.34,-3.36
AGTCG,-7.96,35.33,4.59,-8.15,-3.38
AGTGA,-7.2,34.05,5.22,-7.1,-0.01
AGTGC,-7.05,34.28,5.3,-7.68,-0.4
AGTGG,-6.85,34.25,5.31,-7.4,-0.16
AGTGT,-7.06,34.64,5.1,-8.48,0.09
AGTTA,-7.89,35.23,4.67,-10.74,-3.64
AGTTC,-8.35,35.59,4.25,-10.45,-4.17
AGTTG,-8.34,35.5,4.38,-11.29,-4.17
ATAAA,-7.46,35.27,5.66,-12.37,3.59
ATAAC,-7.36,35.02,5.62,-10.51,1.32
ATAAG,-7.46,35.09,5.48,-10.54,1.42
ATAAT,-7.69,35.46,5.28,-11.27,1.83
ATACA,-6.9,34.45,5.82,-8.93,1.91
ATACC,-7.03,34.62,5.46,-8.36,1.4
ATACG,-6.78,34.38,5.53,-9.05,1.83
ATACT,-7.14,34.58,5.37,-8.21,1.75
ATAGA,-6.96,33.06,5.69,-7.03,2.42
ATAGC,-7.0,33.09,5.37,-6.84,1.19
ATAGG,-6.95,33.11,5.6,-6.87,1.54
ATAGT,-7.21,33.7,4.86,-8.26,0.27
ATATA,-6.79,33.29,5.76,-8.95,2.85
ATATC,-7.44,33.66,5.4,-8.3,1.18
ATATG,-7.38,33.7,5.32,-8.33,0.79
ATCAA,-5.64,34.99,5.52,-7.12,3.33
ATCAC,-5.68,34.84,5.35,-6.53,1.6
ATCAG,-5.47,35.02,5.34,-6.55,2.0
ATCCA,-5.61,34.97,4.94,-5.7,-0.75
ATCCC,-5.67,34.88,4.81,-4.91,-1.27
ATCCG,-5.43,34.76,4.47,-4.49,-2.21
ATCCT,-5.71,35.27,4.51,-5.29,-1.33
ATCGA,-5.43,34.27,5.23,-7.08,2.48
ATCGC,-5.24,34.16,5.28,-6.96,1.75
ATCGG,-5.15,34.09,5.25,-7.15,1.48
ATCGT,-5.77,34.93,4.8,-6.85,1.49
ATCTA,-5.6,34.04,4.74,-3.2,-1.73
ATCTC,-5.95,33.97,4.74,-2.78,-1.81
ATCTG,-5.82,33.74,4.98,-2.7,-1.3
ATGAA,-5.57,35.21,5.5,-6.07,2.89
ATGAC,-5.56,35.28,5.45,-6.37,1.55
ATGAG,-5.38,35.02,5.23,-6.05,2.08
ATGAT,-6.07,35.48,4.79,-6.15,1.23
ATGCA,-5.1,35.36,5.55,-3.73,1.73
ATGCC,-5.23,35.47,5.33,-3.12,1.17
ATGCG,-4.96,35.29,5.6,-4.03,2.17
ATGCT,-5.39,35.73,5.23,-3.68,1.19
ATGGA,-5.3,34.08,5.34,-3.37,2.04
ATGGC,-5.43,34.16,5.23,-3.12,0.75
ATGGG,-5.37,34.01,5.19,-2.37,0.44
ATGGT,-5.41,34.72,4.97,-4.33,1.41
ATGTA,-5.43,34.91,5.27,-7.4,1.72
ATGTC,-5.65,34.83,5.02,-7.1,1.04
ATGTG,-5.49,34.7,5.15,-8.83,2.17
ATTAA,-7.47,34.91,5.58,-11.32,3.26
ATTAC,-7.55,35.11,5.44,-11.34,1.26
ATTAG,-7.23,34.89,5.57,-11.58,3.04
ATTCA,-7.69,35.55,5.22,-10.83,-1.12
ATTCC,-8.21,35.8,4.69,-9.61,-2.31
ATTCG,-7.92,35.69,4.88,-10.56,-1.61
ATTCT,-8.34,36.36,4.43,-10.15,-2.64
ATTGA,-7.28,34.77,5.46,-10.92,2.47
ATTGC,-7.61,34.92,5.15,-10.6,0.49
ATTGG,-7.32,34.66,5.3,-10.72,1.49
ATTGT,-7.49,35.5,5.03,-11.94,1.95
ATTTA,-8.29,36.17,4.75,-13.87,-1.65
ATTTC,-9.42,36.23,4.27,-12.09,-3.77
ATTTG,-9.88,36.39,4.12,-13.36,-4.11
CAAAG,-8.76,35.85,4.52,-12.85,-3.82
CAACG,-7.6,35.05,4.98,-11.71,-2.9
CAAGG,-7.76,33.74,4.65,-9.16,-3.29
CAATG,-7.96,33.74,4.69,-10.42,-3.5
CACAG,-5.48,34.47,5.32,-8.12,1.42
CACCG,-5.25,34.2,4.92,-6.56,-1.38
CACGG,-5.12,33.76,5.1,-8.46,0.81
CAGAG,-5.67,33.39,5.14,-3.06,-1.41
CAGCG,-5.29,33.94,5.13,-1.72,-1.81
CAGGG,-5.52,32.59,4.85,-0.14,-3.13
CAGTG,-5.29,32.95,4.98,-4.52,-1.79
CATAG,-7.21,33.44,5.53,-8.2,0.88
CATCG,-7.67,33.98,4.94,-8.32,-2.71
CATGG,-6.81,33.13,5.34,-9.01,-0.04
CCAGG,-6.72,32.61,5.4,-5.54,-0.24
CCGGG,-5.12,32.89,5.19,-3.26,0.17
CGACG,-7.18,34.91,5.19,-8.49,-1.99
CGAGG,-7.19,33.23,5.18,-6.32,-2.03
CGCGG,-4.76,33.95,5.51,-4.25,0.82
CGGCG,-5.17,34.92,5.09,-3.17,-1.4
CGGGG,-5.31,33.42,4.94,-1.95,-1.77
CGTGG,-6.67,33.86,5.64,-7.87,0.45
CTAAG,-7.36,34.88,5.49,-10.31,1.38
CTACG,-6.73,34.14,5.77,-8.43,1.38
CTAGG,-6.9,32.83,5.69,-6.51,1.34
CTCCG,-5.41,34.65,5.01,-5.07,-1.22
CTCGG,-4.85,33.52,5.65,-6.12,2.05
CTGAG,-5.09,34.66,5.56,-6.08,1.69
CTGCG,-5.01,34.94,5.67,-3.85,1.38
CTGGG,-5.02,33.71,5.39,-2.47,0.22
CTTCG,-7.77,35.17,4.92,-9.8,-1.93
CTTGG,-7.06,34.59,5.31,-9.71,0.54
GAAAC,-8.38,36.09,4.74,-12.76,-2.77
GAAAG,-8.88,36.0,4.36,-11.93,-3.98
GAACC,-8.2,35.32,4.46,-10.08,-3.71
GAACG,-7.82,35.3,4.74,-11.06,-2.93
GAAGC,-7.86,33.51,4.82,-8.01,-3.08
GAAGG,-7.89,33.39,4.63,-7.38,-3.69
GAATC,-8.53,34.23,4.36,-9.46,-4.37
GAATG,-8.53,34.16,4.39,-9.43,-4.78
GACAC,-5.39,34.48,5.49,-7.25,1.11
GACAG,-5.58,34.52,5.26,-6.88,0.76
GACCC,-5.79,34.59,4.45,-5.33,-2.61
GACCG,-5.5,34.41,4.69,-5.99,-1.8
GACGC,-5.25,33.62,5.09,-7.38,0.89
GACGG,-5.29,33.59,5.1,-7.15,0.32
GACTG,-5.57,33.05,5.0,-3.96,-1.74
GAGAC,-5.7,33.97,5.04,-3.46,-1.65
GAGAG,-5.81,33.52,4.93,-2.54,-1.92
GAGCC,-5.58,34.24,4.67,-0.53,-2.92
GAGCG,-5.41,34.08,5.02,-1.32,-1.94
GAGGC,-5.62,32.65,4.85,-0.7,-2.3
GAGGG,-5.55,32.6,4.78,-0.03,-2.67
GAGTC,-5.82,33.35,4.53,-3.11,-3.0
GAGTG,-5.66,32.95,4.78,-3.31,-2.59
GATAC,-7.1,33.28,5.65,-8.06,1.05
GATAG,-7.11,33.16,5.54,-8.88,1.04
GATCC,-7.65,34.35,4.63,-7.56,-3.15
GATCG,-7.6,33.91,4.96,-7.79,-2.36
GATGC,-7.24,33.28,5.38,-7.6,-0.29
GATGG,-6.99,33.1,5.53,-7.48,0.35
GATTG,-7.97,33.84,4.81,-10.33,-3.2
GCAAG,-7.19,34.63,5.45,-9.9,0.54
GCACG,-6.68,34.27,5.74,-8.4,0.48
GCAGC,-6.71,32.89,5.67,-6.76,0.73
GCAGG,-6.71,32.56,5.52,-5.92,-0.09
GCATG,-6.8,33.18,5.5,-9.43,0.41
GCCAG,-5.19,33.91,5.43,-3.34,0.64
GCCCG,-5.55,33.61,4.95,-2.73,-1.71
GCCGG,-5.02,33.01,5.36,-3.58,0.38
GCCTG,-5.63,32.56,4.94,-1.28,-1.94
GCGAG,-5.13,33.86,5.46,-6.31,1.6
GCGCG,-4.81,34.07,5.54,-4.22,0.99
GCGGC,-5.1,32.95,5.37,-3.73,0.73
GCGGG,-5.14,32.85,5.3,-2.75,0.3
GCGTG,-5.03,33.53,5.25,-7.98,1.24
GCTAG,-6.87,33.01,5.67,-6.54,0.9
GCTCG,-7.17,33.36,5.2,-6.78,-1.72
GCTGG,-6.56,32.52,5.53,-5.87,0.15
GCTTG,-7.56,33.34,4.94,-8.63,-2.92
GGAAG,-7.65,35.2,4.63,-9.44,-2.21
GGACC,-7.46,35.25,4.8,-7.55,-2.72
GGACG,-7.29,35.07,5.02,-8.11,-2.15
GGAGC,-7.34,33.56,5.05,-6.07,-2.17
GGAGG,-7.22,33.5,4.93,-5.75,-2.59
GGATG,-7.69,34.09,4.84,-7.65,-2.92
GGCAG,-5.08,34.98,5.41,-3.2,1.02
GGCCG,-5.37,35.04,4.96,-2.72,-1.65
GGCGC,-5.12,34.28,5.41,-3.39,0.57
GGCGG,-5.09,34.31,5.29,-3.13,-0.11
GGCTG,-5.43,34.16,4.95,-1.2,-2.46
GGGAG,-5.23,34.53,4.85,-4.6,-1.44
GGGCC,-5.45,35.09,4.77,-1.93,-2.38
GGGCG,-5.14,35.02,4.96,-2.89,-1.65
GGGGC,-5.39,33.62,4.82,-2.13,-1.99
GGGGG,-5.25,33.33,4.75,-1.03,-2.33
GGGTG,-5.32,34.27,4.77,-5.89,-2.04
GGTAG,-7.09,34.41,5.55,-8.07,0.81
GGTCG,-7.74,35.23,4.82,-8.09,-2.83
GGTGC,-6.87,34.21,5.56,-7.89,0.14
GGTGG,-6.85,34.09,5.56,-7.11,-0.04
GGTTG,-7.82,33.7,4.82,-4.14,-2.62
GTAAC,-7.05,34.64,5.86,-10.83,1.59
GTAAG,-7.23,34.61,5.62,-10.31,1.33
GTACC,-6.84,34.28,5.84,-8.12,0.98
GTACG,-6.61,34.09,5.93,-8.84,1.28
GTAGC,-6.83,32.86,5.88,-6.96,1.09
GTAGG,-6.82,32.73,5.76,-6.19,0.88
GTATG,-6.74,32.98,5.93,-8.42,1.51
GTCAG,-5.23,34.78,5.67,-6.43,1.64
GTCCC,-5.5,34.98,4.9,-5.28,-1.64
GTCCG,-5.36,34.98,5.08,-6.07,-1.12
GTCGC,-5.06,34.08,5.56,-6.9,1.62
GTCGG,-5.11,34.12,5.54,-6.74,0.95
GTCTG,-5.38,33.93,5.22,-3.97,-1.35
GTGAC,-5.13,34.97,6.01,-6.82,1.31
GTGAG,-5.12,34.7,5.8,-6.5,1.78
GTGCC,-5.18,35.27,5.66,-3.41,0.85
GTGCG,-4.96,35.11,5.88,-4.13,1.31
GTGGC,-5.23,33.66,5.46,-4.03,0.78
GTGGG,-5.13,33.82,5.41,-2.94,0.34
GTGTG,-5.0,34.23,5.73,-8.16,1.82
GTTAG,-7.07,34.86,5.8,-10.65,1.42
GTTCC,-7.81,35.75,4.84,-9.91,-2.77
GTTCG,-7.64,35.59,5.1,-10.48,-1.79
GTTGC,-6.99,34.91,5.7,-10.75,0.84
GTTGG,-7.0,33.1,5.42,-9.8,2.32
GTTTG,-8.27,35.8,4.95,-13.1,-2.84
TAAAA,-8.39,36.16,4.89,-13.29,-2.6
TAAAC,-7.85,36.06,5.1,-13.54,-2.06
TAAAG,-8.13,35.91,4.7,-12.85,-2.71
TAACA,-7.45,35.05,5.17,-11.35,-2.43
TAACC,-7.76,35.19,4.87,-10.83,-3.14
TAACG,-7.51,35.08,5.15,-11.31,-2.73
TAAGA,-7.75,33.66,4.93,-8.51,-2.94
TAAGC,-7.49,33.51,5.01,-8.92,-2.71
TAAGG,-7.66,33.5,4.81,-8.13,-3.86
TAATA,-7.61,33.92,5.11,-9.98,-3.05
TAATC,-7.95,34.0,4.81,-10.25,-3.42
TAATG,-7.85,33.91,4.9,-10.52,-3.5
TACAA,-5.23,34.34,5.89,-7.17,2.15
TACAC,-5.08,34.3,5.74,-6.58,0.7
TACAG,-5.31,34.32,5.41,-6.49,1.0
TACCA,-5.4,34.34,5.13,-5.96,-1.57
TACCC,-5.5,34.43,4.71,-5.01,-2.62
TACCG,-5.28,34.35,4.96,-5.99,-1.59
TACGA,-4.99,33.65,5.61,-6.48,1.5
TACGC,-5.03,33.53,5.32,-7.22,1.12
TACGG,-5.15,33.5,5.33,-6.7,0.28
TACTC,-5.63,33.16,4.69,-3.05,-3.21
TACTG,-5.36,32.99,5.13,-4.2,-1.94
TAGAA,-5.52,34.06,5.33,-3.73,-0.94
TAGAC,-5.33,33.9,5.32,-3.62,-1.45
TAGAG,-5.27,33.36,5.41,-3.22,-0.9
TAGCA,-5.25,33.94,5.36,-1.6,-1.79
TAGCC,-5.49,34.33,5.0,-1.22,-2.58
TAGCG,-5.26,34.05,5.22,-1.63,-1.96
TAGGA,-5.67,33.15,4.98,-1.39,-1.74
TAGGC,-5.65,32.77,4.97,-1.23,-2.21
TAGGG,-5.42,32.64,4.99,-0.56,-2.47
TAGTA,-5.28,33.02,5.33,-3.97,-1.67
TAGTC,-5.5,33.05,5.08,-3.9,-1.53
TAGTG,-5.23,32.99,5.11,-4.24,-2.05
TATAA,-6.76,33.17,6.07,-7.14,2.15
TATAC,-6.72,33.2,6.01,-7.88,1.4
TATAG,-6.87,33.3,5.79,-7.69,1.28
TATCA,-7.24,33.84,5.38,-7.32,-2.26
TATCC,-7.48,34.17,4.98,-7.47,-2.74
TATCG,-7.12,33.78,5.32,-7.63,-1.91
TATGA,-6.76,33.28,5.84,-7.0,0.85
TATGC,-6.64,33.2,5.76,-8.11,1.11
TATGG,-6.63,33.12,5.88,-6.69,0.2
TATTC,-8.08,34.42,4.51,-10.01,-3.97
TATTG,-7.75,33.76,5.02,-9.7,-3.38
TCAAC,-7.09,34.81,5.65,-10.22,1.02
TCAAG,-7.32,34.64,5.4,-9.98,1.03
TCACC,-6.98,34.09,5.4,-7.04,0.3
TCACG,-6.73,34.23,5.71,-8.08,0.89
TCAGA,-6.97,32.83,5.47,-6.32,1.33
TCAGC,-6.7,32.72,5.74,-6.36,1.46
TCAGG,-6.99,32.51,5.47,-5.31,0.25
TCATC,-7.57,33.34,5.08,-7.37,-0.33
TCATG,-6.82,33.38,5.27,-9.26,0.73
TCCAC,-5.25,34.05,5.58,-3.48,1.13
TCCAG,-5.28,33.86,5.31,-2.98,1.02
TCCCC,-5.29,33.6,4.76,-1.44,-1.78
TCCCG,-5.44,33.84,4.95,-2.56,-1.42
TCCGC,-5.2,32.97,5.27,-3.15,0.75
TCCGG,-4.9,33.22,5.39,-3.19,0.35
TCCTC,-5.52,32.85,4.8,-0.44,-2.12
TCCTG,-5.52,32.72,4.92,-0.9,-1.92
TCGAC,-5.03,34.28,5.64,-6.68,1.88
TCGAG,-4.91,34.09,5.42,-6.72,2.13
TCGCC,-5.06,34.4,5.4,-2.99,0.81
TCGCG,-4.75,34.16,5.42,-4.27,1.58
TCGGA,-5.1,33.2,5.36,-3.04,1.17
TCGGC,-5.23,32.71,5.43,-3.4,1.46
TCGGG,-5.22,33.22,5.22,-2.92,0.8
TCGTC,-5.3,33.91,5.16,-7.11,1.21
TCGTG,-5.22,33.88,5.29,-7.95,1.81
TCTAC,-6.72,32.7,5.76,-6.38,0.84
TCTAG,-6.63,32.96,5.84,-6.98,2.02
TCTCC,-7.26,33.63,4.92,-6.1,-2.13
TCTCG,-7.13,33.34,5.17,-6.8,-1.55
TCTGC,-6.55,32.58,5.75,-6.69,1.45
TCTGG,-6.68,32.46,5.56,-6.09,0.07
TCTTC,-7.96,33.73,4.52,-8.18,-2.9
TCTTG,-7.69,33.62,4.92,-9.12,-2.48
TGAAC,-7.41,35.34,5.35,-10.38,-1.45
TGAAG,-7.47,35.12,5.15,-10.24,-1.39
TGACA,-7.12,34.75,5.43,-8.28,-2.01
TGACC,-7.65,35.15,4.94,-7.96,-2.73
TGACG,-7.05,34.72,5.39,-8.47,-1.78
TGAGA,-7.09,33.47,5.29,-6.62,-1.66
TGAGC,-7.07,33.13,5.4,-6.75,-1.5
TGAGG,-6.99,33.08,5.3,-6.36,-1.74
TGATC,-7.84,34.04,4.77,-7.81,-3.02
TGATG,-7.34,33.64,5.22,-8.13,-2.22
TGCAC,-4.97,35.05,5.94,-3.74,1.04
TGCAG,-5.0,35.07,5.79,-3.68,1.37
TGCCC,-5.16,35.05,5.02,-2.52,-1.79
TGCCG,-5.05,34.89,5.17,-3.11,-1.32
TGCGA,-4.84,34.42,5.68,-3.81,1.62
TGCGC,-4.75,34.16,5.71,-3.94,1.44
TGCGG,-4.82,34.38,5.59,-4.13,0.94
TGCTC,-5.61,34.03,5.1,-0.94,-2.37
TGCTG,-5.22,33.94,5.27,-1.72,-1.69
TGGAC,-5.41,34.95,5.19,-5.78,-1.23
TGGAG,-5.61,34.83,5.02,-5.45,-1.33
TGGCA,-5.21,34.89,5.24,-2.98,-1.57
TGGCC,-5.35,35.13,4.93,-2.54,-2.09
TGGCG,-5.16,34.85,5.06,-2.98,-1.78
TGGGA,-5.54,33.46,4.93,-2.42,-1.24
TGGGC,-5.57,33.6,4.96,-2.77,-2.03
TGGGG,-5.39,33.38,4.89,-2.02,-1.92
TGGTC,-5.62,34.49,4.84,-6.17,-1.71
TGGTG,-5.36,34.54,4.84,-7.0,-1.76
TGTAC,-6.58,34.1,6.2,-8.0,1.25
TGTAG,-6.73,34.48,5.74,-8.6,0.01
TGTCC,-7.24,35.16,5.02,-7.71,-2.54
TGTCG,-7.15,34.98,5.28,-8.25,-2.04
TGTGA,-6.63,34.03,5.84,-7.82,0.82
TGTGC,-6.5,34.28,5.94,-8.3,0.73
TGTGG,-6.57,33.93,5.8,-7.33,0.38
TGTTC,-7.98,35.25,4.85,-10.91,-2.94
TGTTG,-7.46,34.95,5.24,-11.69,-2.64
TTAAA,-7.41,35.15,5.73,-10.7,1.36
TTAAC,-7.16,34.7,5.85,-10.44,2.33
TTAAG,-7.24,34.75,5.58,-9.57,1.26
TTACA,-6.87,34.17,5.99,-7.55,1.97
TTACC,-7.44,34.6,5.43,-7.21,0.65
TTACG,-6.77,33.92,6.11,-7.71,2.2
TTAGA,-6.73,32.84,6.0,-6.61,2.57
TTAGC,-6.93,33.05,5.82,-6.12,1.47
TTAGG,-6.85,32.9,5.96,-5.77,1.52
TTATC,-7.18,33.27,5.89,-7.66,1.89
TTATG,-6.88,33.01,6.02,-8.06,2.32
TTCAC,-5.32,34.79,5.94,-6.21,2.38
TTCAG,-5.01,34.64,5.93,-5.95,2.97
TTCCA,-5.75,34.92,4.97,-5.2,-0.78
TTCCC,-5.5,34.83,4.73,-4.39,-1.29
TTCCG,-5.73,35.03,5.09,-5.36,-1.63
TTCGA,-5.31,33.97,5.75,-5.99,2.79
TTCGC,-5.38,34.12,5.53,-6.08,1.78
TTCGG,-5.29,34.14,5.38,-6.08,1.11
TTCTC,-6.16,34.06,4.67,-2.4,-2.21
TTCTG,-5.96,34.02,5.14,-3.52,-1.22
TTGAA,-5.63,34.7,6.0,-5.98,2.82
TTGAC,-5.27,34.7,5.91,-7.07,3.03
TTGAG,-5.39,34.61,5.9,-6.36,2.6
TTGCA,-5.27,35.05,5.78,-3.8,1.67
TTGCC,-5.51,35.42,5.3,-3.14,0.86
TTGCG,-5.2,35.14,5.81,-4.14,2.03
TTGGA,-5.65,34.11,5.42,-2.74,0.84
TTGGC,-5.24,33.86,5.56,-3.85,1.61
TTGGG,-5.39,33.52,5.44,-3.45,3.0
TTGTC,-5.56,34.37,5.57,-7.48,2.17
TTGTG,-5.43,34.66,5.2,-8.23,1.84
TTTAC,-7.24,34.89,5.91,-11.89,2.74
TTTAG,-6.93,35.03,5.82,-11.18,2.33
TTTCA,-7.56,35.39,5.4,-10.81,-0.57
TTTCC,-8.22,36.22,4.63,-10.09,-2.38
TTTCG,-8.32,35.75,4.98,-10.58,-1.49
TTTGA,-7.57,34.97,5.6,-10.28,1.29
TTTGC,-7.8,34.82,5.41,-10.88,0.14
TTTGG,-7.64,34.89,5.42,-9.32,-0.3
TTTTC,-9.65,36.66,4.35,-13.16,-4.0
TTTTG,-8.76,36.22,4.76,-13.79,-2.47
TTTTT,-10.1,37.88,3.38,-16.51,-5.07
GTTTT,-8.97,37.04,4.05,-14.47,-4.21
CTTTT,-10.39,37.1,3.68,-14.68,-5.35
ATTTT,-10.8,37.3,3.63,-14.89,-4.34
TGTTT,-8.05,35.91,4.65,-13.05,-2.94
GGTTT,-9.12,36.27,4.06,-12.41,-4.2
CGTTT,-8.27,36.02,4.43,-13.15,-3.1
AGTTT,-9.29,36.36,3.85,-12.78,-4.89
TCTTT,-8.79,34.94,4.02,-10.71,-3.98
GCTTT,-8.76,34.69,4.03,-10.58,-4.51
CCTTT,-8.81,34.34,4.05,-9.21,-4.93
ACTTT,-11.84,35.41,3.35,-11.68,-5.57
TATTT,-8.51,35.53,3.79,-12.63,-5.17
GATTT,-8.76,34.98,4.12,-12.27,-3.9
CATTT,-9.42,35.14,3.84,-11.76,-5.61
AATTT,-13.59,36.31,2.85,-14.95,-6.79
TTGTT,-6.22,35.12,4.97,-10.17,1.98
GTGTT,-5.66,34.88,5.05,-9.4,0.89
CTGTT,-5.75,34.89,4.95,-9.26,1.42
ATGTT,-6.1,35.53,4.3,-10.22,1.26
TGGTT,-6.24,35.08,4.33,-8.86,-1.94
GGGTT,-6.0,35.34,4.03,-7.68,-2.78
CGGTT,-5.76,34.85,4.36,-7.97,-1.89
AGGTT,-6.11,35.77,3.64,-8.15,-3.5
TCGTT,-5.64,34.19,4.8,-9.62,1.46
GCGTT,-5.56,34.23,4.64,-9.91,0.85
CCGTT,-5.66,34.3,4.62,-10.04,0.34
ACGTT,-5.89,34.89,4.21,-10.39,1.1
TAGTT,-6.41,33.83,4.24,-6.07,-4.07
GAGTT,-6.33,34.22,3.95,-5.23,-3.69
CAGTT,-5.9,33.59,4.49,-5.42,-2.56
TTCTT,-6.03,34.41,4.8,-3.46,-1.21
GTCTT,-5.94,34.48,4.65,-3.82,-2.26
CTCTT,-5.82,34.12,4.68,-3.22,-1.56
ATCTT,-6.56,35.22,3.9,-3.55,-3.62
TGCTT,-5.99,34.71,4.61,-1.47,-3.18
GGCTT,-6.1,35.12,4.17,-1.55,-4.02
CGCTT,-5.65,34.71,4.63,-1.91,-2.55
AGCTT,-6.03,35.09,4.14,-1.56,-3.79
TCCTT,-6.03,33.72,4.31,-1.33,-2.65
GCCTT,-5.64,33.45,4.51,-1.5,-2.69
CCCTT,-5.82,33.08,4.42,-0.14,-3.46
ACCTT,-6.44,34.11,3.75,-1.48,-4.04
TACTT,-6.34,34.23,4.03,-4.26,-4.12
GACTT,-6.55,34.3,3.74,-4.07,-4.53
CACTT,-6.18,34.0,4.14,-4.48,-3.65
AACTT,-6.51,34.94,3.34,-6.26,-4.41
TTATT,-7.48,33.63,5.53,-9.65,2.15
GTATT,-7.43,33.78,5.3,-10.45,0.99
CTATT,-7.51,34.72,4.65,-11.61,-1.26
ATATT,-7.65,34.21,4.8,-10.43,0.42
TGATT,-8.06,34.58,4.46,-9.91,-2.92
GGATT,-8.4,34.94,4.19,-9.67,-3.35
CGATT,-7.97,34.54,4.56,-9.51,-2.85
AGATT,-9.5,35.41,3.75,-10.31,-4.41
TCATT,-8.13,33.92,4.46,-9.02,-1.14
GCATT,-7.51,33.96,4.89,-9.59,-0.81
CCATT,-7.27,33.49,5.08,-8.98,-0.28
ACATT,-8.64,34.69,4.27,-10.82,-0.69
TAATT,-8.38,34.62,4.36,-12.2,-3.79
GAATT,-10.92,34.96,3.75,-11.18,-5.04
CAATT,-8.77,34.49,4.24,-11.93,-4.15
TTTGT,-7.86,35.59,5.21,-12.03,1.76
GTTGT,-6.99,35.23,5.58,-11.7,1.47
CTTGT,-7.49,35.24,5.19,-10.72,0.85
TGTGT,-6.78,34.58,5.5,-9.33,0.16
GGTGT,-7.06,34.59,5.31,-8.57,0.5
CGTGT,-6.83,34.59,5.47,-9.43,1.21
TCTGT,-7.09,33.3,5.33,-7.0,0.9
GCTGT,-6.99,33.19,5.31,-7.34,1.49
CCTGT,-6.94,32.98,5.29,-6.78,1.1
ACTGT,-7.1,33.23,5.2,-8.12,1.37
TATGT,-7.31,33.84,5.14,-8.52,0.06
GATGT,-7.6,33.87,4.82,-8.65,0.12
CATGT,-7.2,33.85,4.99,-10.15,0.53
TTGGT,-5.8,34.65,5.08,-4.69,1.7
GTGGT,-5.43,34.27,5.38,-5.0,1.43
CTGGT,-5.3,34.3,5.19,-4.44,1.24
TGGGT,-5.67,34.08,4.66,-3.38,-1.71
GGGGT,-5.66,33.86,4.58,-2.37,-2.1
CGGGT,-5.59,34.03,4.7,-3.53,-1.35
TCGGT,-5.09,33.41,5.02,-4.29,1.21
GCGGT,-5.23,33.31,5.08,-4.55,1.08
CCGGT,-5.16,33.28,5.16,-5.03,1.05
TAGGT,-5.64,33.23,4.68,-1.54,-2.37
GAGGT,-6.05,33.21,4.37,-0.88,-2.91
CAGGT,-5.73,33.23,4.54,-1.68,-2.3
TTCGT,-5.3,34.86,5.21,-6.66,2.11
GTCGT,-5.43,34.72,5.34,-6.61,1.29
CTCGT,-5.41,34.81,5.13,-6.5,1.23
TGCGT,-4.74,34.77,5.27,-4.25,1.48
GGCGT,-5.1,35.0,5.08,-3.63,0.79
CGCGT,-4.86,34.55,5.2,-4.73,1.56
TCCGT,-5.19,33.8,5.06,-3.36,0.23
GCCGT,-5.1,33.67,5.08,-3.97,1.17
CCCGT,-5.36,33.49,4.92,-2.81,0.35
ACCGT,-5.47,33.88,4.73,-4.79,1.24
TACGT,-5.15,34.32,4.84,-7.92,1.2
GACGT,-5.56,34.44,4.7,-7.92,0.99
CACGT,-5.15,34.27,4.85,-8.78,1.25
TTAGT,-6.95,33.01,5.73,-8.1,3.45
GTAGT,-6.99,32.96,5.62,-8.16,1.63
CTAGT,-7.36,33.61,5.13,-7.44,0.34
TGAGT,-7.4,33.72,4.89,-7.5,-2.26
GGAGT,-7.61,33.78,4.73,-6.75,-2.44
CGAGT,-7.3,33.59,4.93,-7.78,-1.47
TCAGT,-6.81,32.94,5.48,-7.1,1.42
GCAGT,-6.89,32.72,5.4,-7.79,1.12
CCAGT,-6.86,32.95,5.32,-7.24,0.62
TAAGT,-7.98,34.11,4.48,-9.96,-3.23
GAAGT,-8.32,34.0,4.31,-8.83,-3.77
CAAGT,-8.0,34.03,4.52,-10.21,-2.97
TTTCT,-8.05,36.23,4.74,-10.55,-1.65
GTTCT,-7.86,36.08,4.85,-10.59,-1.79
CTTCT,-7.97,36.13,4.5,-10.3,-2.88
TGTCT,-7.28,35.42,4.99,-8.49,-2.34
GGTCT,-7.44,35.42,4.73,-8.04,-2.52
CGTCT,-7.44,35.42,4.83,-8.81,-2.49
AGTCT,-7.39,35.45,4.57,-7.81,-2.79
TCTCT,-7.34,33.75,5.0,-6.62,-1.71
GCTCT,-7.25,33.73,5.04,-6.5,-1.94
CCTCT,-7.16,33.41,4.97,-6.38,-1.85
ACTCT,-7.36,33.71,4.86,-7.83,-1.18
TATCT,-7.46,34.5,4.72,-8.23,-2.63
GATCT,-8.19,34.75,4.36,-8.23,-3.61
CATCT,-7.78,34.36,4.66,-7.85,-3.23
TTGCT,-5.93,35.67,5.08,-3.36,0.38
GTGCT,-5.27,35.35,5.43,-3.79,0.55
CTGCT,-5.7,35.41,5.16,-3.6,0.52
TGGCT,-6.02,35.48,4.53,-2.76,-3.15
GGGCT,-5.43,35.41,4.61,-2.48,-2.46
CGGCT,-5.53,35.25,4.83,-3.04,-1.79
TCGCT,-5.16,34.63,5.19,-3.56,0.93
GCGCT,-5.21,34.42,5.18,-3.87,0.49
CCGCT,-5.0,34.53,5.15,-3.78,0.27
ACGCT,-5.17,35.01,4.86,-3.93,0.54
TAGCT,-5.53,34.34,4.88,-1.3,-2.49
GAGCT,-5.79,34.49,4.63,-0.83,-3.05
CAGCT,-5.64,34.24,4.8,-1.38,-2.52
TTCCT,-5.71,35.33,4.76,-4.88,-1.37
GTCCT,-5.48,35.26,4.81,-5.39,-1.57
CTCCT,-5.59,35.18,4.63,-4.81,-1.97
TGCCT,-5.2,35.14,4.82,-2.38,-2.24
GGCCT,-5.29,35.17,4.72,-2.2,-2.11
CGCCT,-5.21,35.33,4.77,-2.82,-2.13
AGCCT,-5.6,35.73,4.33,-2.34,-3.28
TCCCT,-5.38,33.73,4.68,-1.76,-2.06
GCCCT,-5.05,33.77,4.73,-1.88,-2.21
CCCCT,-5.38,33.7,4.62,-1.32,-2.48
ACCCT,-5.71,34.3,4.29,-2.62,-2.61
TACCT,-5.71,34.97,4.33,-5.43,-3.65
GACCT,-6.0,34.94,4.18,-5.67,-3.21
CACCT,-5.6,34.78,4.42,-6.64,-2.46
TTACT,-7.46,34.65,5.37,-7.55,0.71
GTACT,-6.89,34.28,5.54,-8.16,1.11
CTACT,-7.43,34.66,5.2,-8.16,0.26
TGACT,-7.61,35.1,4.89,-8.11,-2.73
GGACT,-7.68,35.38,4.51,-7.34,-3.36
CGACT,-7.96,35.33,4.59,-8.15,-3.38
TCACT,-7.2,34.05,5.22,-7.1,-0.01
GCACT,-7.05,34.28,5.3,-7.68,-0.4
CCACT,-6.85,34.25,5.31,-7.4,-0.16
ACACT,-7.06,34.64,5.1,-8.48,0.09
TAACT,-7.89,35.23,4.67,-10.74,-3.64
GAACT,-8.35,35.59,4.25,-10.45,-4.17
CAACT,-8.34,35.5,4.38,-11.29,-4.17
TTTAT,-7.46,35.27,5.66,-12.37,3.59
GTTAT,-7.36,35.02,5.62,-10.51,1.32
CTTAT,-7.46,35.09,5.48,-10.54,1.42
ATTAT,-7.69,35.46,5.28,-11.27,1.83
TGTAT,-6.9,34.45,5.82,-8.93,1.91
GGTAT,-7.03,34.62,5.46,-8.36,1.4
CGTAT,-6.78,34.38,5.53,-9.05,1.83
AGTAT,-7.14,34.58,5.37,-8.21,1.75
TCTAT,-6.96,33.06,5.69,-7.03,2.42
GCTAT,-7.0,33.09,5.37,-6.84,1.19
CCTAT,-6.95,33.11,5.6,-6.87,1.54
ACTAT,-7.21,33.7,4.86,-8.26,0.27
TATAT,-6.79,33.29,5.76,-8.95,2.85
GATAT,-7.44,33.66,5.4,-8.3,1.18
CATAT,-7.38,33.7,5.32,-8.33,0.79
TTGAT,-5.64,34.99,5.52,-7.12,3.33
GTGAT,-5.68,34.84,5.35,-6.53,1.6
CTGAT,-5.47,35.02,5.34,-6.55,2.0
TGGAT,-5.61,34.97,4.94,-5.7,-0.75
GGGAT,-5.67,34.88,4.81,-4.91,-1.27
CGGAT,-5.43,34.76,4.47,-4.49,-2.21
AGGAT,-5.71,35.27,4.51,-5.29,-1.33
TCGAT,-5.43,34.27,5.23,-7.08,2.48
GCGAT,-5.24,34.16,5.28,-6.96,1.75
CCGAT,-5.15,34.09,5.25,-7.15,1.48
ACGAT,-5.77,34.93,4.8,-6.85,1.49
TAGAT,-5.6,34.04,4.74,-3.2,-1.73
GAGAT,-5.95,33.97,4.74,-2.78,-1.81
CAGAT,-5.82,33.74,4.98,-2.7,-1.3
TTCAT,-5.57,35.21,5.5,-6.07,2.89
GTCAT,-5.56,35.28,5.45,-6.37,1.55
CTCAT,-5.38,35.02,5.23,-6.05,2.08
ATCAT,-6.07,35.48,4.79,-6.15,1.23
TGCAT,-5.1,35.36,5.55,-3.73,1.73
GGCAT,-5.23,35.47,5.33,-3.12,1.17
CGCAT,-4.96,35.29,5.6,-4.03,2.17
AGCAT,-5.39,35.73,5.23,-3.68,1.19
TCCAT,-5.3,34.08,5.34,-3.37,2.04
GCCAT,-5.43,34.16,5.23,-3.12,0.75
CCCAT,-5.37,34.01,5.19,-2.37,0.44
ACCAT,-5.41,34.72,4.97,-4.33,1.41
TACAT,-5.43,34.91,5.27,-7.4,1.72
GACAT,-5.65,34.83,5.02,-7.1,1.04
CACAT,-5.49,34.7,5.15,-8.83,2.17
TTAAT,-7.47,34.91,5.58,-11.32,3.26
GTAAT,-7.55,35.11,5.44,-11.34,1.26
CTAAT,-7.23,34.89,5.57,-11.58,3.04
TGAAT,-7.69,35.55,5.22,-10.83,-1.12
GGAAT,-8.21,35.8,4.69,-9.61,-2.31
CGAAT,-7.92,35.69,4.88,-10.56,-1.61
AGAAT,-8.34,36.36,4.43,-10.15,-2.64
TCAAT,-7.28,34.77,5.46,-10.92,2.47
GCAAT,-7.61,34.92,5.15,-10.6,0.49
CCAAT,-7.32,34.66,5.3,-10.72,1.49
ACAAT,-7.49,35.5,5.03,-11.94,1.95
TAAAT,-8.29,36.17,4.75,-13.87,-1.65
GAAAT,-9.42,36.23,4.27,-12.09,-3.77
CAAAT,-9.88,36.39,4.12,-13.36,-4.11
CTTTG,-8.76,35.85,4.52,-12.85,-3.82
CGTTG,-7.6,35.05,4.98,-11.71,-2.9
CCTTG,-7.76,33.74,4.65,-9.16,-3.29
CATTG,-7.96,33.74,4.69,-10.42,-3.5
CTGTG,-5.48,34.47,5.32,-8.12,1.42
CGGTG,-5.25,34.2,4.92,-6.56,-1.38
CCGTG,-5.12,33.76,5.1,-8.46,0.81
CTCTG,-5.67,33.39,5.14,-3.06,-1.41
CGCTG,-5.29,33.94,5.13,-1.72,-1.81
CCCTG,-5.52,32.59,4.85,-0.14,-3.13
CACTG,-5.29,32.95,4.98,-4.52,-1.79
CTATG,-7.21,33.44,5.53,-8.2,0.88
CGATG,-7.67,33.98,4.94,-8.32,-2.71
CCATG,-6.81,33.13,5.34,-9.01,-0.04
CCTGG,-6.72,32.61,5.4,-5.54,-0.24
CCCGG,-5.12,32.89,5.19,-3.26,0.17
CGTCG,-7.18,34.91,5.19,-8.49,-1.99
CCTCG,-7.19,33.23,5.18,-6.32,-2.03
CCGCG,-4.76,33.95,5.51,-4.25,0.82
CGCCG,-5.17,34.92,5.09,-3.17,-1.4
CCCCG,-5.31,33.42,4.94,-1.95,-1.77
CCACG,-6.67,33.86,5.64,-7.87,0.45
CTTAG,-7.36,34.88,5.49,-10.31,1.38
CGTAG,-6.73,34.14,5.77,-8.43,1.38
CCTAG,-6.9,32.83,5.69,-6.51,1.34
CGGAG,-5.41,34.65,5.01,-5.07,-1.22
CCGAG,-4.85,33.52,5.65,-6.12,2.05
CTCAG,-5.09,34.66,5.56,-6.08,1.69
CGCAG,-5.01,34.94,5.67,-3.85,1.38
CCCAG,-5.02,33.71,5.39,-2.47,0.22
CGAAG,-7.77,35.17,4.92,-9.8,-1.93
CCAAG,-7.06,34.59,5.31,-9.71,0.54
GTTTC,-8.38,36.09,4.74,-12.76,-2.77
CTTTC,-8.88,36.0,4.36,-11.93,-3.98
GGTTC,-8.2,35.32,4.46,-10.08,-3.71
CGTTC,-7.82,35.3,4.74,-11.06,-2.93
GCTTC,-7.86,33.51,4.82,-8.01,-3.08
CCTTC,-7.89,33.39,4.63,-7.38,-3.69
GATTC,-8.53,34.23,4.36,-9.46,-4.37
CATTC,-8.53,34.16,4.39,-9.43,-4.78
GTGTC,-5.39,34.48,5.49,-7.25,1.11
CTGTC,-5.58,34.52,5.26,-6.88,0.76
GGGTC,-5.79,34.59,4.45,-5.33,-2.61
CGGTC,-5.5,34.41,4.69,-5.99,-1.8
GCGTC,-5.25,33.62,5.09,-7.38,0.89
CCGTC,-5.29,33.59,5.1,-7.15,0.32
CAGTC,-5.57,33.05,5.0,-3.96,-1.74
GTCTC,-5.7,33.97,5.04,-3.46,-1.65
CTCTC,-5.81,33.52,4.93,-2.54,-1.92
GGCTC,-5.58,34.24,4.67,-0.53,-2.92
CGCTC,-5.41,34.08,5.02,-1.32,-1.94
GCCTC,-5.62,32.65,4.85,-0.7,-2.3
CCCTC,-5.55,32.6,4.78,-0.03,-2.67
GACTC,-5.82,33.35,4.53,-3.11,-3.0
CACTC,-5.66,32.95,4.78,-3.31,-2.59
GTATC,-7.1,33.28,5.65,-8.06,1.05
CTATC,-7.11,33.16,5.54,-8.88,1.04
GGATC,-7.65,34.35,4.63,-7.56,-3.15
CGATC,-7.6,33.91,4.96,-7.79,-2.36
GCATC,-7.24,33.28,5.38,-7.6,-0.29
CCATC,-6.99,33.1,5.53,-7.48,0.35
CAATC,-7.97,33.84,4.81,-10.33,-3.2
CTTGC,-7.19,34.63,5.45,-9.9,0.54
CGTGC,-6.68,34.27,5.74,-8.4,0.48
GCTGC,-6.71,32.89,5.67,-6.76,0.73
CCTGC,-6.71,32.56,5.52,-5.92,-0.09
CATGC,-6.8,33.18,5.5,-9.43,0.41
CTGGC,-5.19,33.91,5.43,-3.34,0.64
CGGGC,-5.55,33.61,4.95,-2.73,-1.71
CCGGC,-5.02,33.01,5.36,-3.58,0.38
CAGGC,-5.63,32.56,4.94,-1.28,-1.94
CTCGC,-5.13,33.86,5.46,-6.31,1.6
CGCGC,-4.81,34.07,5.54,-4.22,0.99
GCCGC,-5.1,32.95,5.37,-3.73,0.73
CCCGC,-5.14,32.85,5.3,-2.75,0.3
CACGC,-5.03,33.53,5.25,-7.98,1.24
CTAGC,-6.87,33.01,5.67,-6.54,0.9
CGAGC,-7.17,33.36,5.2,-6.78,-1.72
CCAGC,-6.56,32.52,5.53,-5.87,0.15
CAAGC,-7.56,33.34,4.94,-8.63,-2.92
CTTCC,-7.65,35.2,4.63,-9.44,-2.21
GGTCC,-7.46,35.25,4.8,-7.55,-2.72
CGTCC,-7.29,35.07,5.02,-8.11,-2.15
GCTCC,-7.34,33.56,5.05,-6.07,-2.17
CCTCC,-7.22,33.5,4.93,-5.75,-2.59
CATCC,-7.69,34.09,4.84,-7.65,-2.92
CTGCC,-5.08,34.98,5.41,-3.2,1.02
CGGCC,-5.37,35.04,4.96,-2.72,-1.65
GCGCC,-5.12,34.28,5.41,-3.39,0.57
CCGCC,-5.09,34.31,5.29,-3.13,-0.11
CAGCC,-5.43,34.16,4.95,-1.2,-2.46
CTCCC,-5.23,34.53,4.85,-4.6,-1.44
GGCCC,-5.45,35.09,4.77,-1.93,-2.38
CGCCC,-5.14,35.02,4.96,-2.89,-1.65
GCCCC,-5.39,33.62,4.82,-2.13,-1.99
CCCCC,-5.25,33.33,4.75,-1.03,-2.33
CACCC,-5.32,34.27,4.77,-5.89,-2.04
CTACC,-7.09,34.41,5.55,-8.07,0.81
CGACC,-7.74,35.23,4.82,-8.09,-2.83
GCACC,-6.87,34.21,5.56,-7.89,0.14
CCACC,-6.85,34.09,5.56,-7.11,-0.04
CAACC,-7.82,33.7,4.82,-4.14,-2.62
GTTAC,-7.05,34.64,5.86,-10.83,1.59
CTTAC,-7.23,34.61,5.62,-10.31,1.33
GGTAC,-6.84,34.28,5.84,-8.12,0.98
CGTAC,-6.61,34.09,5.93,-8.84,1.28
GCTAC,-6.83,32.86,5.88,-6.96,1.09
CCTAC,-6.82,32.73,5.76,-6.19,0.88
CATAC,-6.74,32.98,5.93,-8.42,1.51
CTGAC,-5.23,34.78,5.67,-6.43,1.64
GGGAC,-5.5,34.98,4.9,-5.28,-1.64
CGGAC,-5.36,34.98,5.08,-6.07,-1.12
GCGAC,-5.06,34.08,5.56,-6.9,1.62
CCGAC,-5.11,34.12,5.54,-6.74,0.95
CAGAC,-5.38,33.93,5.22,-3.97,-1.35
GTCAC,-5.13,34.97,6.01,-6.82,1.31
CTCAC,-5.12,34.7,5.8,-6.5,1.78
GGCAC,-5.18,35.27,5.66,-3.41,0.85
CGCAC,-4.96,35.11,5.88,-4.13,1.31
GCCAC,-5.23,33.66,5.46,-4.03,0.78
CCCAC,-5.13,33.82,5.41,-2.94,0.34
CACAC,-5.0,34.23,5.73,-8.16,1.82
CTAAC,-7.07,34.86,5.8,-10.65,1.42
GGAAC,-7.81,35.75,4.84,-9.91,-2.77
CGAAC,-7.64,35.59,5.1,-10.48,-1.79
GCAAC,-6.99,34.91,5.7,-10.75,0.84
CCAAC,-7.0,33.1,5.42,-9.8,2.32
CAAAC,-8.27,35.8,4.95,-13.1,-2.84
TTTTA,-8.39,36.16,4.89,-13.29,-2.6
GTTTA,-7.85,36.06,5.1,-13.54,-2.06
CTTTA,-8.13,35.91,4.7,-12.85,-2.71
TGTTA,-7.45,35.05,5.17,-11.35,-2.43
GGTTA,-7.76,35.19,4.87,-10.83,-3.14
CGTTA,-7.51,35.08,5.15,-11.31,-2.73
TCTTA,-7.75,33.66,4.93,-8.51,-2.94
GCTTA,-7.49,33.51,5.01,-8.92,-2.71
CCTTA,-7.66,33.5,4.81,-8.13,-3.86
TATTA,-7.61,33.92,5.11,-9.98,-3.05
GATTA,-7.95,34.0,4.81,-10.25,-3.42
CATTA,-7.85,33.91,4.9,-10.52,-3.5
TTGTA,-5.23,34.34,5.89,-7.17,2.15
GTGTA,-5.08,34.3,5.74,-6.58,0.7
CTGTA,-5.31,34.32,5.41,-6.49,1.0
TGGTA,-5.4,34.34,5.13,-5.96,-1.57
GGGTA,-5.5,34.43,4.71,-5.01,-2.62
CGGTA,-5.28,34.35,4.96,-5.99,-1.59
TCGTA,-4.99,33.65,5.61,-6.48,1.5
GCGTA,-5.03,33.53,5.32,-7.22,1.12
CCGTA,-5.15,33.5,5.33,-6.7,0.28
GAGTA,-5.63,33.16,4.69,-3.05,-3.21
CAGTA,-5.36,32.99,5.13,-4.2,-1.94
TTCTA,-5.52,34.06,5.33,-3.73,-0.94
GTCTA,-5.33,33.9,5.32,-3.62,-1.45
CTCTA,-5.27,33.36,5.41,-3.22,-0.9
TGCTA,-5.25,33.94,5.36,-1.6,-1.79
GGCTA,-5.49,34.33,5.0,-1.22,-2.58
CGCTA,-5.26,34.05,5.22,-1.63,-1.96
TCCTA,-5.67,33.15,4.98,-1.39,-1.74
GCCTA,-5.65,32.77,4.97,-1.23,-2.21
CCCTA,-5.42,32.64,4.99,-0.56,-2.47
TACTA,-5.28,33.02,5.33,-3.97,-1.67
GACTA,-5.5,33.05,5.08,-3.9,-1.53
CACTA,-5.23,32.99,5.11,-4.24,-2.05
TTATA,-6.76,33.17,6.07,-7.14,2.15
GTATA,-6.72,33.2,6.01,-7.88,1.4
CTATA,-6.87,33.3,5.79,-7.69,1.28
TGATA,-7.24,33.84,5.38,-7.32,-2.26
GGATA,-7.48,34.17,4.98,-7.47,-2.74
CGATA,-7.12,33.78,5.32,-7.63,-1.91
TCATA,-6.76,33.28,5.84,-7.0,0.85
GCATA,-6.64,33.2,5.76,-8.11,1.11
CCATA,-6.63,33.12,5.88,-6.69,0.2
GAATA,-8.08,34.42,4.51,-10.01,-3.97
CAATA,-7.75,33.76,5.02,-9.7,-3.38
GTTGA,-7.09,34.81,5.65,-10.22,1.02
CTTGA,-7.32,34.64,5.4,-9.98,1.03
GGTGA,-6.98,34.09,5.4,-7.04,0.3
CGTGA,-6.73,34.23,5.71,-8.08,0.89
TCTGA,-6.97,32.83,5.47,-6.32,1.33
GCTGA,-6.7,32.72,5.74,-6.36,1.46
CCTGA,-6.99,32.51,5.47,-5.31,0.25
GATGA,-7.57,33.34,5.08,-7.37,-0.33
CATGA,-6.82,33.38,5.27,-9.26,0.73
GTGGA,-5.25,34.05,5.58,-3.48,1.13
CTGGA,-5.28,33.86,5.31,-2.98,1.02
GGGGA,-5.29,33.6,4.76,-1.44,-1.78
CGGGA,-5.44,33.84,4.95,-2.56,-1.42
GCGGA,-5.2,32.97,5.27,-3.15,0.75
CCGGA,-4.9,33.22,5.39,-3.19,0.35
GAGGA,-5.52,32.85,4.8,-0.44,-2.12
CAGGA,-5.52,32.72,4.92,-0.9,-1.92
GTCGA,-5.03,34.28,5.64,-6.68,1.88
CTCGA,-4.91,34.09,5.42,-6.72,2.13
GGCGA,-5.06,34.4,5.4,-2.99,0.81
CGCGA,-4.75,34.16,5.42,-4.27,1.58
TCCGA,-5.1,33.2,5.36,-3.04,1.17
GCCGA,-5.23,32.71,5.43,-3.4,1.46
CCCGA,-5.22,33.22,5.22,-2.92,0.8
GACGA,-5.3,33.91,5.16,-7.11,1.21
CACGA,-5.22,33.88,5.29,-7.95,1.81
GTAGA,-6.72,32.7,5.76,-6.38,0.84
CTAGA,-6.63,32.96,5.84,-6.98,2.02
GGAGA,-7.26,33.63,4.92,-6.1,-2.13
CGAGA,-7.13,33.34,5.17,-6.8,-1.55
GCAGA,-6.55,32.58,5.75,-6.69,1.45
CCAGA,-6.68,32.46,5.56,-6.09,0.07
GAAGA,-7.96,33.73,4.52,-8.18,-2.9
CAAGA,-7.69,33.62,4.92,-9.12,-2.48
GTTCA,-7.41,35.34,5.35,-10.38,-1.45
CTTCA,-7.47,35.12,5.15,-10.24,-1.39
TGTCA,-7.12,34.75,5.43,-8.28,-2.01
GGTCA,-7.65,35.15,4.94,-7.96,-2.73
CGTCA,-7.05,34.72,5.39,-8.47,-1.78
TCTCA,-7.09,33.47,5.29,-6.62,-1.66
GCTCA,-7.07,33.13,5.4,-6.75,-1.5
CCTCA,-6.99,33.08,5.3,-6.36,-1.74
GATCA,-7.84,34.04,4.77,-7.81,-3.02
CATCA,-7.34,33.64,5.22,-8.13,-2.22
GTGCA,-4.97,35.05,5.94,-3.74,1.04
CTGCA,-5.0,35.07,5.79,-3.68,1.37
GGGCA,-5.16,35.05,5.02,-2.52,-1.79
CGGCA,-5.05,34.89,5.17,-3.11,-1.32
TCGCA,-4.84,34.42,5.68,-3.81,1.62
GCGCA,-4.75,34.16,5.71,-3.94,1.44
CCGCA,-4.82,34.38,5.59,-4.13,0.94
GAGCA,-5.61,34.03,5.1,-0.94,-2.37
CAGCA,-5.22,33.94,5.27,-1.72,-1.69
GTCCA,-5.41,34.95,5.19,-5.78,-1.23
CTCCA,-5.61,34.83,5.02,-5.45,-1.33
TGCCA,-5.21,34.89,5.24,-2.98,-1.57
GGCCA,-5.35,35.13,4.93,-2.54,-2.09
CGCCA,-5.16,34.85,5.06,-2.98,-1.78
TCCCA,-5.54,33.46,4.93,-2.42,-1.24
GCCCA,-5.57,33.6,4.96,-2.77,-2.03
CCCCA,-5.39,33.38,4.89,-2.02,-1.92
GACCA,-5.62,34.49,4.84,-6.17,-1.71
CACCA,-5.36,34.54,4.84,-7.0,-1.76
GTACA,-6.58,34.1,6.2,-8.0,1.25
CTACA,-6.73,34.48,5.74,-8.6,0.01
GGACA,-7.24,35.16,5.02,-7.71,-2.54
CGACA,-7.15,34.98,5.28,-8.25,-2.04
TCACA,-6.63,34.03,5.84,-7.82,0.82
GCACA,-6.5,34.28,5.94,-8.3,0.73
CCACA,-6.57,33.93,5.8,-7.33,0.38
GAACA,-7.98,35.25,4.85,-10.91,-2.94
CAACA,-7.46,34.95,5.24,-11.69,-2.64
TTTAA,-7.41,35.15,5.73,-10.7,1.36
GTTAA,-7.16,34.7,5.85,-10.44,2.33
CTTAA,-7.24,34.75,5.58,-9.57,1.26
TGTAA,-6.87,34.17,5.99,-7.55,1.97
GGTAA,-7.44,34.6,5.43,-7.21,0.65
CGTAA,-6.77,33.92,6.11,-7.71,2.2
TCTAA,-6.73,32.84,6.0,-6.61,2.57
GCTAA,-6.93,33.05,5.82,-6.12,1.47
CCTAA,-6.85,32.9,5.96,-5.77,1.52
GATAA,-7.18,33.27,5.89,-7.66,1.89
CATAA,-6.88,33.01,6.02,-8.06,2.32
GTGAA,-5.32,34.79,5.94,-6.21,2.38
CTGAA,-5.01,34.64,5.93,-5.95,2.97
TGGAA,-5.75,34.92,4.97,-5.2,-0.78
GGGAA,-5.5,34.83,4.73,-4.39,-1.29
CGGAA,-5.73,35.03,5.09,-5.36,-1.63
TCGAA,-5.31,33.97,5.75,-5.99,2.79
GCGAA,-5.38,34.12,5.53,-6.08,1.78
CCGAA,-5.29,34.14,5.38,-6.08,1.11
GAGAA,-6.16,34.06,4.67,-2.4,-2.21
CAGAA,-5.96,34.02,5.14,-3.52,-1.22
TTCAA,-5.63,34.7,6.0,-5.98,2.82
GTCAA,-5.27,34.7,5.91,-7.07,3.03
CTCAA,-5.39,34.61,5.9,-6.36,2.6
TGCAA,-5.27,35.05,5.78,-3.8,1.67
GGCAA,-5.51,35.42,5.3,-3.14,0.86
CGCAA,-5.2,35.14,5.81,-4.14,2.03
TCCAA,-5.65,34.11,5.42,-2.74,0.84
GCCAA,-5.24,33.86,5.56,-3.85,1.61
CCCAA,-5.39,33.52,5.44,-3.45,3.0
GACAA,-5.56,34.37,5.57,-7.48,2.17
CACAA,-5.43,34.66,5.2,-8.23,1.84
GTAAA,-7.24,34.89,5.91,-11.89,2.74
CTAAA,-6.93,35.03,5.82,-11.18,2.33
TGAAA,-7.56,35.39,5.4,-10.81,-0.57
GGAAA,-8.22,36.22,4.63,-10.09,-2.38
CGAAA,-8.32,35.75,4.98,-10.58,-1.49
TCAAA,-7.57,34.97,5.6,-10.28,1.29
GCAAA,-7.8,34.82,5.41,-10.88,0.14
CCAAA,-7.64,34.89,5.42,-9.32,-0.3
GAAAA,-9.65,36.66,4.35,-13.16,-4.0
CAAAA,-8.76,36.22,4.76,-13.79,-2.47
